angle,click,createdAt,dyad,elapsedTime,feeling,interfaceType,lastSlideModified,position,slope,user,x,y,id,listed,enigma
-1,other,1429099985635,19952,17159,Stressed,dimensions,X,0,180,P19952,-13,0,64333c8b5e29c87b,1,1
189,button,1429100005800,19952,37324,Confused,dimensions,X,1,180,P19952,-23,0,27bdd99403cdf8cd,1,1
189,button,1429100067702,19952,99226,Confused,dimensions,Y,1,195,P19952,-23,-87,8158c6db32aa3a39,1,1
189,button,1429100073222,19952,104746,Confused,dimensions,X,3,207,P19952,-45,-87,1c832132c79f4944,1,1
-1,other,1429100120857,19952,152381,Surprised,dimensions,X,0,190,P19952,-15,-87,1a560bb5b1bf9b01,1,1
189,button,1429100196230,19952,227754,Confused,dimensions,X,1,193,P19952,-20,-87,79fc3ed5b68e8846,1,1
-1,other,1429100202497,19952,234021,Frustrated,dimensions,Y,0,191,P19952,-20,-100,265f4bc0010f6960,1,1
-1,other,1429100232648,19952,264172,Confused,dimensions,Y,0,246,P19952,-20,-9,76152db58aae5904,1,1
-1,other,1429100245832,19952,277356,Astonished,dimensions,Y,0,246,P19952,-20,-9,a91db7fe0f8ba9e2,0,1
189,button,1429100275277,19952,306801,Confused,dimensions,Y,2,206,P19952,-33,-67,a13a818c8f162bdc,1,2
-1,other,1429100309960,19952,341484,Frustrated,dimensions,Y,0,226,P19952,-33,-32,8e27dbbf9b63a931,1,2
225,button,1429100326459,19952,357983,Bored,dimensions,X,1,232,P19952,-41,-32,d438437d2d621864,1,2
207,button,1429100374099,19952,405623,Anxious,dimensions,Y,1,202,P19952,-41,-100,472902c0c0557a3b,1,2
-1,other,1429100387562,19952,419086,Disappointed,dimensions,Y,0,202,P19952,-41,-99,5e37847e97d88a2b,1,2
189,button,1429100394939,19952,426463,Confused,dimensions,X,3,215,P19952,-69,-99,0ba4498483f6c81f,1,2
-1,other,1429100467374,19952,498898,Amused,dimensions,X,0,210,P19952,-58,-99,dc069c5b04ca99aa,1,2
189,button,1429100489436,19952,520960,Confused,dimensions,Y,3,210,P19952,-58,-100,8990136502a7d9ba,1,2
189,button,1429100527379,19952,558903,Confused,dimensions,Y,3,210,P19952,-58,-100,7c852a7a5737f815,1,2
153,button,1429100546394,19952,577918,Relieved,dimensions,X,2,135,P19952,100,-100,558ad846c8e24ac8,1,2
117,button,1429100552322,19952,583846,Relaxed,dimensions,X,3,136,P19952,95,-100,01607250bc693885,1,2
81,button,1429100583353,19952,614877,Attentive,dimensions,X,2,71,P19952,94,33,2b5b8e1d41a6087f,1,3
27,button,1429100587297,19952,618821,Interested,dimensions,X,3,53,P19952,44,33,11a9dc414d4e9950,1,3
81,button,1429100655128,19952,686652,Attentive,dimensions,X,2,64,P19952,69,33,2dc45d22faa709d3,1,3
45,button,1429100659016,19952,690540,Amused,dimensions,Y,2,57,P19952,69,44,a90e84f2b94e684d,1,3
81,button,1429100727920,19952,759444,Attentive,dimensions,Y,2,64,P19952,69,34,90ff81de530e989a,1,3
135,button,1429100759568,19952,791092,Surprised,dimensions,Y,3,113,P19952,69,-29,5ebc56e127c91b79,1,3
-1,other,1429100768924,19952,800448,Confused,dimensions,X,0,127,P19952,39,-29,03d147636cbe39ca,1,3
-1,other,1429100824770,19952,856294,Frustrated,dimensions,X,0,113,P19952,69,-29,9fd8a0bdc5793822,1,3
-1,other,1429100833164,19952,864688,Envious,dimensions,Y,0,64,P19952,69,34,f446b341cc1f1aed,1,3
-1,other,1429100869179,19952,900703,Disappointed,dimensions,X,0,42,P19952,31,34,cfeee1b54acb3852,1,4
-1,other,1429100888357,19952,919881,Bored,dimensions,Y,0,162,P19952,31,-95,76bbbba08c4a0862,1,4
-1,other,1429100923033,19952,954557,Irritated,dimensions,X,0,209,P19952,-53,-95,7eaa30f63328f937,1,4
-1,other,1429101009162,19952,1040686,Amused,dimensions,X,0,153,P19952,48,-95,b2dc76f2b55ff81e,1,4
-1,other,1429101023864,19952,1055388,Frustrated,dimensions,Y,0,154,P19952,48,-100,da5483e9229408a9,1,4
27,button,1429101089942,19952,1121466,Interested,dimensions,Y,2,38,P19952,48,61,99a4288af48c18b5,1,4
45,button,1429101095285,19952,1126809,Amused,dimensions,X,2,54,P19952,84,61,5448b481f169a83f,1,4
45,button,1429101144791,19952,1176315,Amused,dimensions,X,2,59,P19952,100,61,c57f73c78d084a02,1,4
-1,other,1429101154910,19952,1186434,Envious,dimensions,Y,0,96,P19952,100,-10,fd92626090176a63,1,4
117,button,1429102835165,10312,28588,Relaxed,participants,Y,3,90,P10312,0,34,0a66c71634d27843,1,1
81,button,1429102907090,10312,100513,Attentive,participants,X,1,90,P10312,0,34,ad4b656f841d38f8,1,1
9,button,1429103028722,10312,222145,Confident,participants,X,1,7,P10312,4,34,bef82aeaa64b0899,1,1
-1,other,1429103074725,10312,268148,Surprised,participants,Y,0,262,P10312,-7,-1,ba7ba1b4f56f7a2c,1,1
-1,other,1429103103517,10312,296940,Amused,participants,X,0,243,P10312,-2,-1,d8bc956b26f8d8ba,1,1
189,button,1429103125544,10312,318967,Confused,participants,Y,1,184,P10312,-2,-31,8465addf53061b23,1,2
189,button,1429103194649,10312,388072,Confused,participants,X,1,186,P10312,-4,-37,3cb998589684b887,1,2
-1,other,1429103295148,10312,488571,Attentive,participants,X,0,194,P10312,-14,-57,1fafeb0a044dc851,1,2
-1,other,1429103366233,10312,559656,Frustrated,participants,X,0,213,P10312,-37,-57,5326e5278ef82a6e,1,2
-1,other,1429103377409,10312,570832,Disappointed,participants,Y,0,213,P10312,-37,-57,7fdca494150b49bf,0,2
225,button,1429103426174,10312,619597,Bored,participants,Y,1,222,P10312,-43,-47,ea06f26c3b6eb868,1,3
225,button,1429103454549,10312,647972,Bored,participants,Y,1,222,P10312,-43,-47,f3aeb670048ef96d,1,3
-1,other,1429103500781,10312,694204,Confident,participants,X,0,207,P10312,-24,-47,3696f45889e498e6,1,3
225,button,1429103605037,10312,798460,Bored,participants,Y,3,204,P10312,-24,-54,79d1a8889220e893,1,3
-1,other,1429103669855,10312,863278,Irritated,participants,X,0,212,P10312,-40,-65,63f78cc1be443b72,1,3
189,button,1429103735244,10312,928667,Confused,participants,Y,2,206,P10312,-40,-82,6aa216ac54cf1827,1,4
189,button,1429103843970,10312,1037393,Confused,participants,X,2,203,P10312,-37,-89,2e7689ae13fc499d,1,4
-1,other,1429103912573,10312,1105996,Amused,participants,X,0,209,P10312,-29,-52,ac20ee468c6f28a4,1,4
-1,other,1429103978917,10312,1172340,Amused,participants,X,0,179,P10312,2,-98,996869dce35bd801,1,4
27,button,1429107423385,13036,43220,Interested,dimensions,Y,1,28,P13036,14,26,dd255f38824f384b,1,1
-1,other,1429107461971,13036,81806,Confused,dimensions,Y,0,28,P13036,14,26,f8eb82e00d0bc8f7,1,1
45,button,1429107495912,13036,115747,Amused,dimensions,Y,2,28,P13036,14,26,d9beedb5f864db10,1,1
9,button,1429107550182,13036,170017,Confident,dimensions,Y,3,28,P13036,14,26,e6f76e118ba1eae0,1,1
-1,other,1429107618311,13036,238146,Amused,dimensions,X,0,31,P13036,50,83,eed6247dea28787b,1,1
-1,other,1429107642448,13036,262283,Irritated,dimensions,X,0,31,P13036,50,83,a4ae6aeb0ee009b8,1,1
-1,other,1429107666171,13036,286006,Envious,dimensions,X,0,31,P13036,50,83,00dae1e51e324803,1,1
-1,other,1429107703572,13036,323407,Anxious,dimensions,X,0,45,P13036,3,3,88cf60a4d56a683b,1,2
-1,other,1429107728303,13036,348138,Stressed,dimensions,X,0,45,P13036,3,3,b21a00e848a1a8f0,1,2
-1,other,1429107777878,13036,397713,Confused,dimensions,X,0,45,P13036,3,3,11876db1db5f185f,1,2
225,button,1429107886602,13036,506437,Bored,dimensions,X,3,207,P13036,-50,-100,5ea3cc57fc158809,1,2
-1,other,1429107931628,13036,551463,Disgusted,dimensions,X,0,207,P13036,-50,-100,b11d1b4bd8941aed,1,2
-1,other,1429107975018,13036,594853,Sad,dimensions,X,0,207,P13036,-50,-100,44901c62fea8682f,0,2
189,button,1429108016514,13036,636349,Confused,dimensions,X,1,180,P13036,2,0,c22025f1cd8c5bf2,1,3
-1,other,1429108135348,13036,755183,Satisfied,dimensions,X,0,180,P13036,2,0,fcb1f39825b989a5,1,3
-1,other,1429108197764,13036,817599,Envious,dimensions,X,0,180,P13036,2,0,f86c86ba7b33fa17,1,3
-1,other,1429108224446,13036,844281,Amused,dimensions,X,0,180,P13036,2,0,434872d2a7cfaa12,1,3
99,button,1429108286759,13036,906594,Satisfied,dimensions,X,2,116,P13036,64,-31,4d8984e3808859ae,1,4
189,button,1429108325078,13036,944913,Confused,dimensions,X,2,179,P13036,1,-53,169bf8d45340788f,1,4
189,button,1429108364679,13036,984514,Confused,dimensions,X,2,200,P13036,-27,-76,f546cc6e7f799814,1,4
171,button,1429108433133,13036,1052968,Empathetic,dimensions,Y,3,150,P13036,57,-100,2530d0e691781b47,1,4
207,button,1429108486860,13036,1106695,Anxious,dimensions,X,1,210,P13036,-58,-100,c93bb633f489d9a0,1,4
-1,other,1429108571942,13036,1191777,Frustrated,dimensions,X,0,222,P13036,-89,-100,650a899d34684883,1,4
-1,other,1429190448017,28969,101995,Attentive,dimensions,Y,0,328,P28969,-29,46,ed8dac15f50c1806,1,1
369,button,1429190530329,28969,184307,Confident,dimensions,Y,2,352,P28969,-11,80,1d18b56e3615583f,1,1
189,button,1429190612416,28969,266394,Confused,dimensions,Y,1,188,P28969,-11,-74,433928e58d057a3f,1,1
-1,other,1429190682300,28969,336278,Interested,dimensions,X,0,157,P28969,35,-82,17147aaadf6988ae,1,2
-1,other,1429190808153,28969,462131,Frustrated,dimensions,Y,0,159,P28969,35,-90,26f5ae260bd80ab9,1,2
-1,other,1429190852605,28969,506583,Bored,dimensions,X,0,179,P28969,2,-90,9ec43836fd5ae9af,1,2
153,button,1429190902712,28969,556690,Relieved,dimensions,Y,1,146,P28969,18,-27,ca0f5f2032e0e887,1,2
-1,other,1429190923287,28969,577265,Disappointed,dimensions,Y,0,159,P28969,18,-47,27e27a0cc38b68bb,1,2
-1,other,1429190991088,28969,645066,Disappointed,dimensions,X,0,228,P28969,-64,-58,f962eff1ef807815,1,3
-1,other,1429191097269,28969,751247,Attentive,dimensions,X,0,225,P28969,-32,-32,ce69969d6d4f78bb,1,3
225,button,1429191194129,28969,848107,Bored,dimensions,X,2,235,P28969,-45,-32,720a98146f0be821,1,3
-1,other,1429191226069,28969,880047,Annoyed,dimensions,Y,0,229,P28969,-45,-39,6de7deee7f7a69ac,1,3
225,button,1429191302601,28969,956579,Bored,dimensions,Y,3,205,P28969,-29,-62,7b811fe7b707f9ae,1,4
-1,other,1429191393138,28969,1047116,Attentive,dimensions,X,0,215,P28969,-44,-62,876d829694f3d816,1,4
-1,other,1429191527291,28969,1181269,Surprised,dimensions,Y,0,212,P28969,-44,-71,8f8654bb66b69ad6,1,4
189,button,1429281091273,10871,53486,Confused,participants,X,2,199,P10871,-7,-20,b6afe2062d50eab2,1,1
243,button,1429281218608,10871,180821,Stressed,participants,Y,3,225,P10871,-18,-18,e88b1c73ce097ad9,1,1
135,button,1429281302751,10871,264964,Surprised,participants,Y,3,153,P10871,3,-6,26406d22ca341845,1,1
189,button,1429281375040,10871,337253,Confused,participants,Y,1,196,P10871,-4,-14,286f075828138aaa,1,2
261,button,1429281480710,10871,442923,Disappointed,participants,Y,3,235,P10871,-13,-9,cc6b31e82fbbf82c,1,2
189,button,1429281571427,10871,533640,Confused,participants,Y,1,187,P10871,-6,-52,2c64f47faf5b6819,1,2
135,button,1429281614655,10871,576868,Surprised,participants,Y,1,134,P10871,23,-22,1887ce59e8f63842,1,2
45,button,1429281657533,10871,619746,Amused,participants,Y,3,71,P10871,23,8,e583bede67237976,1,3
-1,other,1429281922303,10871,884516,Frustrated,participants,Y,0,212,P10871,-13,-21,7a884837b3c859f4,1,3
-1,other,1429282005653,10871,967866,Interested,participants,Y,0,106,P10871,7,-2,fc79beebcfc32880,1,4
189,button,1429282117778,10871,1079991,Confused,participants,Y,3,170,P10871,7,-39,9a11673c99e1e955,1,4
-1,none,1429282204346,10871,1166559,None,participants,X,0,153,P10871,20,-39,acea0b0664a5f9bd,0,4
-1,other,1429282222467,10871,1184680,Amused,participants,Y,0,150,P10871,15,-26,3a3f000a5efb28d0,1,4
-1,other,1429524323682,12885,104680,Confident,participants,Y,0,37,P12885,29,38,f94000b7b120f869,1,1
27,button,1429524399030,12885,180028,Interested,participants,Y,2,44,P12885,29,30,3b3cbc4b668f6a75,1,1
99,button,1429524466877,12885,247875,Satisfied,participants,Y,1,105,P12885,29,-8,c2888fb02d2b7810,1,1
-1,other,1429524577197,12885,358195,Taken aback,participants,Y,0,88,P12885,29,1,fea94398c899cbf9,0,2
-1,other,1429524792797,12885,573795,Disgusted,participants,Y,0,88,P12885,29,1,8e9a01834d39d9b7,1,2
-1,other,1429524858036,12885,639034,Attentive,participants,X,0,157,P12885,5,-12,f8df2d7bf9b7688c,1,3
-1,other,1429525004984,12885,785982,Anxious,participants,Y,0,6,P12885,5,44,bb6e7e11f525d886,1,3
-1,other,1429525058901,12885,839899,Collaborative,participants,Y,0,7,P12885,5,40,9e9c0513b154fa0b,0,3
45,button,1429525177870,12885,958868,Amused,participants,X,1,50,P12885,54,45,a029e3e481f93970,1,4
-1,other,1429525303888,12885,1084886,Confused,participants,Y,0,98,P12885,54,-8,2a19b566de9428d5,1,4
-1,other,1429525390055,12885,1171053,Amused,participants,Y,0,76,P12885,54,13,072c239171670896,1,4
27,button,1429625502399,14692,48016,Interested,dimensions,Y,2,39,P14692,48,59,5300de68e1226903,1,1
189,button,1429625553165,14692,98782,Confused,dimensions,X,3,164,P14692,10,-34,f96e4772bc26383d,1,1
-1,other,1429625647120,14692,192737,Confused,dimensions,Y,0,45,P14692,24,24,6300fd5b0408787e,1,1
-1,other,1429625723704,14692,269321,Confused,dimensions,Y,0,230,P14692,-26,-22,a905fdd8679b88ea,1,1
27,button,1429625745187,14692,290804,Interested,dimensions,Y,3,51,P14692,48,39,cb62b1c7c0a33810,1,1
-1,other,1429625816031,14692,361648,Attentive,dimensions,X,0,138,P14692,40,-44,054fb7a2764118b2,1,2
189,button,1429625900499,14692,446116,Confused,dimensions,X,3,163,P14692,24,-78,f9cd138832145893,1,2
27,button,1429625929610,14692,475227,Interested,dimensions,X,3,46,P14692,66,63,720b6dafbc0cb81d,1,2
-1,other,1429625977151,14692,522768,Frustrated,dimensions,X,0,64,P14692,35,17,66dd8d0bc87b7936,1,2
45,button,1429626005242,14692,550859,Amused,dimensions,Y,2,57,P14692,100,65,3705afcad19cf803,1,2
-1,other,1429626083637,14692,629254,Attentive,dimensions,Y,0,44,P14692,51,52,a798b8010ee459cb,1,3
63,button,1429626167607,14692,713224,Delighted,dimensions,Y,3,45,P14692,100,100,614110205a3978e2,1,3
-1,other,1429626286116,14692,831733,Satisfied,dimensions,Y,0,45,P14692,100,100,6d7af85833dab939,1,3
-1,other,1429626450304,14692,995921,Confused,dimensions,Y,0,130,P14692,58,-49,5175fb4da25dc897,1,4
-1,other,1429626478072,14692,1023689,Attentive,dimensions,Y,0,130,P14692,58,-49,ab1ebc74a80f88c7,1,4
-1,other,1429626498257,14692,1043874,Irritated,dimensions,Y,0,113,P14692,58,-25,d729c7f6c5ff2916,1,4
45,button,1429626623573,14692,1169190,Amused,dimensions,X,3,68,P14692,89,36,cf6f2d8ba32f083a,1,4
27,button,1429629291437,20836,7706,Interested,participants,Y,2,39,P20836,28,34,d04ca13b987f785e,1,1
45,button,1429629346582,20836,62851,Amused,participants,Y,1,49,P20836,52,46,67944556a9b398e5,1,1
27,button,1429629417476,20836,133745,Interested,participants,Y,2,41,P20836,61,71,fe62364d3db798be,1,1
45,button,1429629474491,20836,190760,Amused,participants,X,1,45,P20836,72,71,1287caa5534f4859,1,1
-1,other,1429629530185,20836,246454,Relieved,participants,Y,0,46,P20836,72,69,e5a6f61303b99830,1,1
81,button,1429629595409,20836,311678,Attentive,participants,Y,1,86,P20836,42,3,9a2095a2f154583f,1,2
279,button,1429629626234,20836,342503,Frustrated,participants,X,1,281,P20836,-15,3,83c069e15ed018c2,1,2
-1,other,1429629664523,20836,380792,Irritated,participants,Y,0,223,P20836,-15,-16,e0f7dac6aafb98d1,1,2
261,button,1429629769814,20836,486083,Disappointed,participants,X,2,245,P20836,-35,-16,932b58962a3f4805,1,2
63,button,1429629794191,20836,510460,Delighted,participants,X,2,48,P20836,36,32,57bcb29183a948f7,1,2
-1,other,1429629823122,20836,539391,Confident,participants,X,0,51,P20836,76,61,d4903cb066e5d854,1,2
-1,other,1429629855155,20836,571424,Relaxed,participants,X,0,51,P20836,76,61,d513648c1980a8b0,1,2
-1,other,1429629891274,20836,607543,Attentive,participants,X,0,51,P20836,76,61,f35a5b3a99e1c890,1,3
-1,other,1429629983227,20836,699496,Surprised,participants,Y,0,81,P20836,76,12,83335696d679384e,1,3
-1,other,1429630058566,20836,774835,Disappointed,participants,Y,0,115,P20836,76,-36,8f3e6cf8a7393aea,1,3
-1,other,1429630098532,20836,814801,Envious,participants,X,0,119,P20836,66,-36,89a95407c164f8d0,1,3
-1,other,1429630139598,20836,855867,Empathetic,participants,X,0,119,P20836,66,-36,1994c2fde5366898,1,3
117,button,1429630159931,20836,876200,Relaxed,participants,X,3,91,P20836,54,-1,2b5b639598388a0c,1,3
81,button,1429630199042,20836,915311,Attentive,participants,X,2,91,P20836,54,-1,c7ea0b9dfb676a2c,1,4
-1,other,1429630240005,20836,956274,Interested,participants,X,0,115,P20836,37,-17,69ac0d9a1365a8a1,1,4
-1,other,1429630349292,20836,1065561,Attentive,participants,X,0,126,P20836,23,-17,4f1fe495bd53a96a,1,4
-1,other,1429630448499,20836,1164768,Disgusted,participants,X,0,126,P20836,23,-17,8e94f1f94ca3e8ed,1,4
-1,other,1429630461730,20836,1177999,Amused,participants,Y,0,92,P20836,38,-1,64e7709d4acf48c9,1,4
45,button,1429691056308,50209,44070,Amused,dimensions,Y,1,38,P50209,38,48,132c9e610e9419ec,1,1
-1,other,1429691184416,50209,172178,Curious,dimensions,X,0,38,P50209,37,48,ba1938ee02734948,0,1
45,button,1429691299345,50209,287107,Amused,dimensions,X,2,33,P50209,31,48,3343a86ad6d8196e,1,1
-1,other,1429691352634,50209,340396,Confused,dimensions,Y,0,126,P50209,40,-29,8987523fabeb382b,1,2
135,button,1429691423390,50209,411152,Surprised,dimensions,Y,2,124,P50209,40,-27,f5c08c411ce77845,1,2
-1,other,1429691457780,50209,445542,Frustrated,dimensions,Y,0,127,P50209,40,-30,aa05cae9c78a9937,1,2
-1,other,1429691539170,50209,526932,Interested,dimensions,Y,0,126,P50209,40,-29,aeedf3acd5ca4859,1,2
-1,other,1429691583529,50209,571291,Frustrated,dimensions,X,0,155,P50209,14,-30,e808bc8b1e42e8a0,1,2
189,button,1429691655248,50209,643010,Confused,dimensions,X,3,210,P50209,-17,-30,2f4b89bc8bb5980a,1,3
189,button,1429691779460,50209,767222,Confused,dimensions,X,1,186,P50209,-3,-30,b3800e9a98bf38fd,1,3
-1,other,1429691794207,50209,781969,Irritated,dimensions,X,0,186,P50209,-3,-30,aa8e6d8aeab4c8d7,1,3
189,button,1429691836124,50209,823886,Confused,dimensions,X,1,186,P50209,-3,-30,5e4dbebfe1f1b820,1,3
-1,none,1429691885196,50209,872958,None,dimensions,X,0,205,P50209,-14,-30,70a0512eb8c878dd,0,3
-1,other,1429691887721,50209,875483,Interested,dimensions,X,0,205,P50209,-14,-30,d0a08f1350bdaa2a,1,3
189,button,1429691956714,50209,944476,Confused,dimensions,Y,1,186,P50209,-2,-20,5489f03ef9200853,1,4
-1,other,1429691997991,50209,985753,Attentive,dimensions,Y,0,184,P50209,-2,-28,cf6cd47c1482c879,1,4
171,button,1429692078872,50209,1066634,Empathetic,dimensions,Y,2,186,P50209,-2,-19,4f8079187d26b8dc,1,4
-1,other,1429692153187,50209,1140949,Amused,dimensions,Y,0,186,P50209,-2,-18,876694d27594c871,1,4
-1,other,1429692186190,50209,1173952,Disappointed,dimensions,Y,0,184,P50209,-2,-26,41e0024940c0c8aa,1,4
9,button,1429693993629,13187,81285,Confident,participants,Y,3,36,P13187,72,100,4473f55daa351979,1,1
-1,other,1429694082046,13187,169702,Confused,participants,Y,0,50,P13187,24,20,f9f66151c0fc483f,1,1
189,button,1429694179488,13187,267144,Confused,participants,Y,3,165,P13187,13,-50,56aff8fd4b786853,1,1
135,button,1429694245879,13187,333535,Surprised,participants,Y,2,144,P13187,13,-18,00b99bc48d30cbe3,1,2
27,button,1429694388686,13187,476342,Interested,participants,Y,1,23,P13187,13,31,457a749a767809a1,1,2
9,button,1429694614883,13187,702539,Confident,participants,Y,1,3,P13187,3,53,0824c497e0718850,1,3
-9,button,1429694768218,13187,855874,Irritated,participants,Y,2,6,P13187,3,31,7be97b511dc35876,1,3
-1,other,1429694795263,13187,882919,Disappointed,participants,Y,0,177,P13187,3,-50,d302cf033d4a6867,1,3
-1,other,1429694890167,13187,977823,Confused,participants,Y,0,4,P13187,3,40,ec8ee61a22f4da0e,1,4
-1,other,1429694958880,13187,1046536,Amused,participants,Y,0,13,P13187,3,13,e1ebe7c9e7d1584f,1,4
171,button,1429695088995,13187,1176651,Empathetic,participants,Y,1,176,P13187,3,-48,9e37d53cfbbd48ad,1,4
-1,none,1429695106539,13187,1194195,None,participants,Y,0,211,P13187,-43,-71,2ccaafe4994268a9,0,4
9,button,1429697589148,50965,39258,Confident,dimensions,Y,2,24,P50965,14,31,3a4a616d99d3ca01,1,1
243,button,1429697654698,50965,104808,Stressed,dimensions,Y,2,228,P50965,-49,-44,6b37a5432deae85e,1,1
-1,other,1429697692453,50965,142563,Confident,dimensions,Y,0,54,P50965,71,51,95b9542e887cf8d6,1,1
-1,other,1429697815246,50965,265356,Bored,dimensions,X,0,350,P50965,-18,98,a84efcc96d644a32,1,1
-1,other,1429697851479,50965,301589,Shameful,dimensions,Y,0,231,P50965,-100,-81,017f7ff20cc0ebb1,0,2
243,button,1429697940633,50965,390743,Stressed,dimensions,Y,2,227,P50965,-79,-74,c9deada327a8793b,1,2
225,button,1429697991472,50965,441582,Bored,dimensions,Y,1,224,P50965,-93,-95,5f09c36d67258b3d,1,2
-1,other,1429698084426,50965,534536,Annoyed,dimensions,X,0,226,P50965,-100,-95,53de29f35d74d8f8,1,2
-1,other,1429698114377,50965,564487,Surprised,dimensions,Y,0,58,P50965,78,48,942665ded23eeac2,1,2
315,button,1429698139550,50965,589660,Disgusted,dimensions,Y,3,292,P50965,-73,29,f56c995e11348ac0,1,2
-1,other,1429698170874,50965,620984,Irritated,dimensions,Y,0,249,P50965,-95,-37,cc81082fced579a5,1,3
117,button,1429698285270,50965,735380,Relaxed,dimensions,Y,1,112,P50965,17,-7,be3749fd2cbeb956,1,3
189,button,1429698352943,50965,803053,Confused,dimensions,X,1,196,P50965,-2,-7,bb4e02fe1871186f,1,3
-1,other,1429698413456,50965,863566,Annoyed,dimensions,Y,0,226,P50965,-79,-77,ae0182a382bd584c,1,3
189,button,1429698484231,50965,934341,Confused,dimensions,Y,3,168,P50965,19,-89,b346542b1b136a85,1,4
189,button,1429698547124,50965,997234,Confused,dimensions,X,1,183,P50965,-4,-89,2093daa93af3d869,1,4
171,button,1429698552379,50965,1002489,Empathetic,dimensions,X,2,184,P50965,-7,-89,c2a337f6f45daa85,1,4
-1,other,1429698632655,50965,1082765,Frustrated,dimensions,X,0,204,P50965,-39,-89,8a703e5d7811abb9,1,4
135,button,1429698709833,50965,1159943,Surprised,dimensions,Y,2,152,P50965,52,-99,bb1d8dced9d768d6,1,4
-1,other,1429698719572,50965,1169682,Amused,dimensions,X,0,150,P50965,57,-99,46e5feecb41888cb,1,4
27,button,1429705393329,16146,28836,Interested,dimensions,Y,2,45,P16146,100,100,f67fbf029454989c,1,1
99,button,1429705446192,16146,81699,Satisfied,dimensions,X,2,90,P16146,0,100,ac6abe2e19fc39d4,1,1
171,button,1429705538991,16146,174498,Empathetic,dimensions,X,2,180,P16146,14,0,9412172cad647842,1,1
9,button,1429705548040,16146,183547,Confident,dimensions,Y,1,16,P16146,14,48,1969ab4812c898cc,1,1
27,button,1429705562255,16146,197762,Interested,dimensions,Y,2,45,P16146,100,100,b09acc7f6715e894,1,1
189,button,1429705632638,16146,268145,Confused,dimensions,X,1,180,P16146,-100,0,045a4a22fa5f09a6,1,1
261,button,1429705646039,16146,281546,Disappointed,dimensions,X,2,270,P16146,0,-100,c2fcba559d765b1e,1,1
81,button,1429705677503,16146,313010,Attentive,dimensions,Y,1,90,P16146,0,58,465533e4b98c0836,1,2
81,button,1429705723455,16146,358962,Attentive,dimensions,Y,1,90,P16146,0,3,791a3eabb930f819,1,2
243,button,1429705742702,16146,378209,Stressed,dimensions,X,2,225,P16146,-58,-57,7387c46111fd4a4e,1,2
45,button,1429705840357,16146,475864,Amused,dimensions,X,3,63,P16146,2,1,e2d28471e68f380e,1,2
171,button,1429705887381,16146,522888,Empathetic,dimensions,Y,1,169,P16146,2,-10,c5cd03c5adbae984,1,2
9,button,1429705903788,16146,539295,Confident,dimensions,Y,1,4,P16146,2,26,18c80ac78bfa7846,1,2
135,button,1429705946764,16146,582271,Surprised,dimensions,Y,1,135,P16146,2,-2,cba6dfbd3fb798bc,1,2
45,button,1429705957044,16146,592551,Amused,dimensions,X,1,46,P16146,43,41,81ab29543651b8cc,1,2
27,button,1429705979980,16146,615487,Interested,dimensions,Y,3,51,P16146,43,35,6073dbac2298691a,1,3
45,button,1429706168243,16146,803750,Amused,dimensions,Y,2,30,P16146,43,73,4edd5b6593bc8835,1,3
153,button,1429706178467,16146,813974,Relieved,dimensions,Y,2,136,P16146,96,-100,0d435225a83c48db,1,3
117,button,1429706186467,16146,821974,Relaxed,dimensions,Y,1,113,P16146,96,-40,8efc7e03e4b269f3,1,3
171,button,1429706190341,16146,825848,Empathetic,dimensions,Y,2,180,P16146,96,0,8922a3f676849886,1,3
189,button,1429706200427,16146,835934,Confused,dimensions,X,1,180,P16146,70,0,5c766a244ee5997d,1,3
207,button,1429706275554,16146,911061,Anxious,dimensions,X,3,181,P16146,-1,-84,f663731d1a9ea9d7,1,4
243,button,1429706324281,16146,959788,Stressed,dimensions,Y,3,225,P16146,-1,-1,93531d9bbf686977,1,4
81,button,1429706329361,16146,964868,Attentive,dimensions,X,2,91,P16146,53,-1,1479326d27b77a76,1,4
45,button,1429706454337,16146,1089844,Amused,dimensions,Y,2,56,P16146,53,36,7ac5727750abf85b,1,4
45,button,1429706542824,16146,1178331,Amused,dimensions,X,1,39,P16146,59,74,b1a991a00fcaa90f,1,4
99,button,1429706561320,16146,1196827,Satisfied,dimensions,Y,1,96,P16146,81,-9,3d520141f484a89c,1,4
63,button,1429715946404,30462,48465,Delighted,participants,Y,3,42,P30462,90,100,69018c361364a883,1,1
27,button,1429716078682,30462,180743,Interested,participants,X,2,44,P30462,95,100,46b71a8fabc7d8b6,1,1
-1,other,1429716176818,30462,278879,Amused,participants,Y,0,78,P30462,95,20,42ceb8d28122c896,1,1
-1,other,1429716257612,30462,359673,Attentive,participants,X,0,141,P30462,40,-50,6b0a67134594c8ee,1,2
-1,other,1429716386291,30462,488352,Interested,participants,Y,0,104,P30462,40,-10,b6013ba60155a8a6,1,2
-1,other,1429716470228,30462,572289,Amused,participants,X,0,81,P30462,60,10,461941d8f6203923,1,2
81,button,1429716536775,30462,638836,Attentive,participants,Y,1,75,P30462,57,15,348085c77aab9869,1,3
9,button,1429716727813,30462,829874,Confident,participants,Y,1,13,P30462,21,90,5ccc1448d7478961,1,3
-1,other,1429716783828,30462,885889,Astonished,participants,Y,0,6,P30462,9,80,346198715d4c9921,0,3
-1,other,1429716855472,30462,957533,Attentive,participants,Y,0,10,P30462,9,50,72de5b05d341c909,1,4
-1,other,1429717028318,30462,1130379,Confused,participants,Y,0,14,P30462,9,36,beb14a0177c2caf6,1,4
-1,other,1429717074078,30462,1176139,Amused,participants,X,0,112,P30462,50,-20,a3af4d6ff3fe4b1b,1,4
27,button,1429786719657,21713,53877,Interested,participants,Y,2,45,P21713,100,100,ea9d27ab249759c2,1,1
45,button,1429786773202,21713,107422,Amused,participants,X,1,45,P21713,100,100,0be90d97ba8449ec,1,1
-1,other,1429786939562,21713,273782,Attentive,participants,Y,0,45,P21713,100,100,552c3576cfd0ba71,1,1
-1,other,1429787012700,21713,346920,Intrigued,participants,X,0,45,P21713,100,100,376930668250b8ed,0,2
45,button,1429787219246,21713,553466,Amused,participants,Y,1,45,P21713,100,99,fd0eec4314d908df,1,2
27,button,1429787279926,21713,614146,Interested,participants,Y,2,45,P21713,100,100,414e4840852148e7,1,3
-1,other,1429787350495,21713,684715,Attentive,participants,Y,0,45,P21713,100,99,909de282f1632816,1,3
-1,other,1429787546713,21713,880933,Satisfied,participants,X,0,45,P21713,100,99,d94f3baca39978a0,1,3
45,button,1429787625692,21713,959912,Amused,participants,Y,1,45,P21713,100,100,f1fcedf7c9a23a8b,1,4
27,button,1429787671260,21713,1005480,Interested,participants,Y,3,46,P21713,100,98,ac62e0f20dffb86b,1,4
45,button,1429787837827,21713,1172047,Amused,participants,Y,3,64,P21713,100,49,7a59bd8d6264c9a3,1,4
81,button,1429797779467,19466,30050,Attentive,dimensions,Y,3,62,P19466,21,11,a4b48c101f386bf0,1,1
-1,other,1429797794852,19466,45435,Amused,dimensions,X,0,80,P19466,65,11,f987032671176914,1,1
63,button,1429797857321,19466,107904,Delighted,dimensions,Y,1,62,P19466,64,34,991d5551fc3748ce,1,1
-1,other,1429797927845,19466,178428,Relaxed,dimensions,X,0,66,P19466,75,34,f6c7559479dfb9c4,1,1
81,button,1429797978144,19466,228727,Attentive,dimensions,Y,3,60,P19466,75,43,fdd71d1b84d378a7,1,1
351,button,1429798020511,19466,271094,Irritated,dimensions,X,1,359,P19466,-1,43,bc6b29d5b1268bed,1,1
-1,other,1429798090497,19466,341080,Amused,dimensions,X,0,180,P19466,25,0,9c5e338e091e4804,1,2
189,button,1429798132822,19466,383405,Confused,dimensions,Y,1,181,P19466,-1,-48,928aeb80e62ec826,1,2
207,button,1429798249214,19466,499797,Anxious,dimensions,Y,3,181,P19466,-1,-63,7dc6a1b3a298c844,1,2
-1,other,1429798322696,19466,573279,Surprised,dimensions,Y,0,269,P19466,-46,-1,5527d495e9d9f95e,1,2
-1,none,1429798364066,19466,614649,None,dimensions,X,0,267,P19466,-22,-1,4a1f9b0962b3981f,0,3
-1,other,1429798395014,19466,645597,Attentive,dimensions,Y,0,260,P19466,-22,-4,a16e5a0b0893f896,1,3
63,button,1429798533572,19466,784155,Delighted,dimensions,Y,1,57,P19466,36,23,fcfc375b4d7549d7,1,3
297,button,1429798623547,19466,874130,Envious,dimensions,X,3,270,P19466,0,-2,46e8a16778b608be,1,3
-1,other,1429798706614,19466,957197,Amused,dimensions,X,0,35,P19466,24,34,39fc0fab03badbba,1,4
-1,other,1429798779692,19466,1030275,Attentive,dimensions,Y,0,30,P19466,24,42,251d46edc2edebd9,1,4
-1,other,1429798908732,19466,1159315,Disgusted,dimensions,X,0,45,P19466,42,42,c7963ad49ddc49b4,1,4
-1,other,1429798944805,19466,1195388,Annoyed,dimensions,X,0,180,P19466,-33,0,2d0ad7273d0f8a1c,1,4
-1,other,1429802820619,38799,68027,Attentive,participants,Y,0,39,P38799,22,27,9541cadc60063a8c,1,1
27,button,1429802980072,38799,227480,Interested,participants,Y,2,44,P38799,47,48,89da328d87f4e8b0,1,1
135,button,1429803016033,38799,263441,Surprised,participants,Y,3,112,P38799,47,-19,a57712a1a651f8a4,1,1
189,button,1429803023560,38799,270968,Confused,participants,X,1,189,P38799,-3,-19,2a195c6689c6f88c,1,1
207,button,1429803034897,38799,282305,Anxious,participants,Y,3,183,P38799,-3,-51,ae96f71bf8bd297d,1,1
189,button,1429803087008,38799,334416,Confused,participants,X,3,211,P38799,-31,-51,d7e6d5d868ad58e6,1,2
189,button,1429803130823,38799,378231,Confused,participants,X,2,172,P38799,13,-89,7ff7764463e61bf1,1,2
135,button,1429803206198,38799,453606,Surprised,participants,Y,1,143,P38799,13,-17,394342c96abcc9e4,1,2
243,button,1429803280685,38799,528093,Stressed,participants,X,1,247,P38799,-40,-17,8e89b1c84cf62893,1,2
279,button,1429803317118,38799,564526,Frustrated,participants,Y,1,281,P38799,-40,8,f878e4442de488a8,1,2
261,button,1429803326428,38799,573836,Disappointed,participants,X,2,276,P38799,-72,8,f53df963d6f4d84a,1,2
-1,other,1429803348844,38799,596252,Confused,participants,X,0,276,P38799,-77,8,3f2871c47a067bfc,1,2
171,button,1429803391004,38799,638412,Empathetic,participants,X,3,193,P38799,-16,-69,8e519339b924bb05,1,3
81,button,1429803407548,38799,654956,Attentive,participants,Y,1,86,P38799,43,3,6f89c2685dcbc858,1,3
81,button,1429803541083,38799,788491,Attentive,participants,Y,2,72,P38799,43,14,152fcec7f367a832,1,3
27,button,1429803607267,38799,854675,Interested,participants,Y,3,49,P38799,43,37,dc24ef6ed265f9a6,1,3
9,button,1429803617218,38799,864626,Confident,participants,X,3,30,P38799,21,37,c385fa8a46697817,1,3
-1,other,1429803647301,38799,894709,Empathetic,participants,Y,0,113,P38799,21,-9,b4891cef3aeb7892,1,3
189,button,1429803703218,38799,950626,Confused,participants,X,2,203,P38799,-23,-53,d78f85aff8c9ba3d,1,4
279,button,1429803778889,38799,1026297,Frustrated,participants,X,3,301,P38799,-60,36,fde90279a7720930,1,4
261,button,1429803877977,38799,1125385,Disappointed,participants,Y,1,258,P38799,-60,-13,95397186eb8778f1,1,4
-1,other,1429803921211,38799,1168619,Surprised,participants,Y,0,227,P38799,-72,-66,602ede094cc2787e,1,4
-1,other,1429803937036,38799,1184444,Disappointed,participants,Y,0,225,P38799,-84,-83,25640e8c36b5d814,1,4
